income,credit_score,loan_amount,years_employed
113810,389,39698,27
44592,729,15446,28
33278,584,11189,13
127196,344,48823,29
66048,496,47174,4
62098,689,19217,29
59256,373,40920,40
48289,524,45866,20
126530,367,14826,36
43434,446,18359,8
118696,670,15373,8
127080,365,26216,24
146939,573,43006,21
101482,819,7973,40
41395,843,1037,38
107397,380,6613,31
85302,469,18370,33
34165,682,29711,33
33905,525,1471,4
42280,543,19250,31
58657,716,13478,6
60495,400,4972,25
96237,443,28648,11
108907,400,4315,34
33478,792,15008,25
103563,592,28722,35
56062,362,21552,3
123850,382,13178,4
115181,383,28474,37
121924,434,45019,19
101426,402,5801,34
84987,748,36600,19
58893,406,9800,16
88878,651,14342,40
107236,345,1232,21
66463,309,8331,4
136093,451,29166,8
143940,405,24178,35
30851,481,28020,1
129458,573,11433,6
135620,658,21000,14
50926,659,43040,32
121506,482,39049,16
85392,418,26244,36
74597,638,41839,20
66421,712,46692,18
50379,608,27612,35
58221,518,34500,30
130072,395,16392,19
74118,374,30846,26
43396,451,43995,0
42156,775,4291,35
79797,624,30004,39
42676,760,17986,15
77052,750,6077,18
141082,456,47295,13
75082,698,39278,1
109131,729,36272,34
64671,698,23028,25
135791,385,43123,27
35695,634,23118,24
125647,353,23935,14
90217,456,16633,8
100284,471,40707,38
46361,326,21444,36
79615,548,7678,19
40328,370,34158,21
102357,456,29540,11
68427,574,22122,15
138711,688,23046,1
112397,310,34857,12
111070,802,30371,1
146057,784,37272,33
142945,613,17475,14
77400,795,19120,37
105674,669,12759,19
55203,802,7723,0
122349,789,8476,4
39116,611,6582,15
36006,761,30014,19
116673,512,41993,13
59871,781,20087,2
131327,570,41963,37
67930,572,10321,4
40458,611,46857,25
142108,630,40564,16
60512,341,12481,30
143571,393,31802,22
43238,807,19888,25
79823,713,34724,0
66434,810,41986,28
89429,424,2891,40
113320,416,31241,7
139328,725,32621,30
77819,724,23274,32
51319,795,23618,21
78520,692,16306,26
76566,807,3426,8
57460,315,48346,9
117841,646,41845,25
64993,336,41465,4
121988,400,42533,6
119593,667,25565,27
114939,691,41613,15
39358,461,5840,28
109840,609,14055,24
113227,322,44137,25
52431,535,40784,22
100010,340,21246,28
125568,479,14159,8
62087,793,20342,21
51417,706,37524,23
90589,690,42847,23
79735,364,42641,29
65382,611,33284,7
113886,729,39491,9
120198,333,46238,23
103000,667,4968,25
58785,321,4314,21
119733,521,16269,21
72504,433,36403,16
140474,543,39591,20
130704,787,30378,23
131711,608,31018,1
37331,375,6294,20
60021,601,30734,32
137715,533,28119,21
34207,683,11003,30
135518,361,39434,35
71347,594,40348,19
82581,658,37455,23
65093,326,40911,17
38675,446,38114,25
57653,729,30730,21
149686,383,18832,28
104341,416,23621,27
144867,356,1503,13
124098,307,33596,27
71245,746,2228,29
57869,596,8548,25
115909,390,29620,6
95435,526,22827,10
81856,451,16484,6
145957,775,37944,37
149871,454,29820,4
114259,772,30616,2
90142,773,39032,35
48726,813,10886,3
64718,553,47374,28
48301,353,42345,21
62325,641,6341,37
127647,617,37629,24
103579,670,2194,23
100644,458,6057,18
64438,685,11109,10
127912,720,24874,15
106622,616,31737,12
86155,814,35567,26
147679,792,25327,35
106484,579,30446,32
82350,657,2747,26
77447,401,47838,21
58746,780,30399,39
48131,840,28738,7
96784,768,5116,7
94686,739,1102,39
41915,838,36656,32
129061,682,17623,1
36175,436,3905,22
142866,486,9837,4
44371,342,21682,19
50033,592,24394,3
112240,750,26339,21
50969,380,29220,38
133819,756,40493,27
119192,581,42908,3
85333,748,3280,8
108172,457,45503,28
38326,621,43569,17
80432,420,18155,16
80019,375,30625,11
108104,597,20657,10
91348,505,10101,15
99352,432,41104,5
62953,375,9213,20
102512,486,9456,27
142824,630,47486,14
31504,581,9203,40
119166,457,12219,39
124466,346,43038,36
45014,596,43068,19
119353,725,32735,29
145970,708,9569,23
100381,399,4316,18
128419,620,13440,10
64973,520,39230,22
130741,410,29241,8
114012,499,24758,35
74587,431,7336,25
44621,821,27305,32
68469,827,10160,20
86985,821,35887,31
50730,726,39253,19
89470,533,48277,3
30425,332,38523,7
124646,813,41073,30
144799,632,44399,30
124329,795,13600,15
64522,800,21777,30
95612,688,26856,22
129871,654,29991,16
53416,440,8158,39
96542,402,28086,21
149619,716,43787,30
43947,391,43749,36
144100,337,27017,31
111959,605,38221,38
69117,816,31672,17
140319,314,49274,21
113748,715,29029,32
96540,554,1447,16
109818,311,18141,23
56071,618,46238,7
50032,789,11039,29
79009,553,45586,38
129943,414,5047,35
51174,752,8617,13
100697,435,34636,26
132056,560,1197,13
99514,783,3079,18
30074,759,25739,24
108504,421,12696,34
72487,774,45138,34
94042,493,48515,7
32552,334,30257,38
44662,522,4699,8
77576,542,20776,9
145175,807,4072,22
139008,452,20653,24
135745,447,31344,3
70306,508,22644,5
61385,340,5769,12
37592,640,20869,0
61571,706,16684,35
145082,825,33589,29
104364,620,28127,2
40322,727,20345,9
41226,645,17864,31
125932,473,10172,34
93699,349,1418,26
136957,766,25458,3
39071,306,35879,35
129693,483,8013,6
99822,706,6178,23
130379,382,43843,2
46483,384,33758,27
46828,516,46369,36
116474,333,12754,20
92296,466,37959,15
102063,380,33819,22
51643,634,2941,40
64741,742,13172,37
99163,574,11107,24
144351,305,21202,28
109507,824,27741,6
85461,598,28119,24
57760,689,12108,8
100686,606,32734,4
128994,768,8010,8
125673,750,22937,27
120422,505,32392,20
56365,633,25645,17
123447,484,45676,35
70857,370,27813,31
82296,686,5847,28
118039,849,39916,40
115180,709,22731,27
78944,774,45535,37
87422,387,8606,9
147914,748,48316,28
97839,468,49528,15
89177,714,42271,11
45860,698,1291,13
62493,491,24972,20
59451,697,41062,25
38392,604,41270,37
74313,444,34477,24
32757,477,37366,10
107110,796,9947,12
102603,725,47539,28
60161,850,19918,10
107128,416,18556,34
58864,523,28862,6
30942,749,8693,15
39305,511,14562,3
122778,599,19961,36
112719,360,19174,8
37716,801,10317,36
60007,712,34791,17
38834,395,48902,29
148675,516,33421,17
34117,651,45731,3
142674,751,30918,0
73309,395,43899,23
39287,612,48578,14
97391,531,35042,28
61195,372,16004,24
66500,691,9725,9
117684,518,42161,9
93624,443,9071,37
58080,386,17263,35
100678,510,34931,38
47342,806,26289,7
124811,730,24947,34
145655,568,15138,2
104847,725,28759,25
105525,823,14316,9
91953,359,17022,5
61850,422,1830,8
132841,575,49033,7
91993,378,33515,29
135840,405,38611,7
83354,692,10835,11
54957,726,48204,20
42363,347,27275,4
42704,767,1522,23
116374,805,13807,34
86498,654,42677,0
76438,543,28513,31
85519,832,28070,23
83883,376,39790,36
91213,702,46922,20
143224,411,11184,6
125561,762,21205,29
37100,520,22482,9
118259,331,27502,28
115649,312,5041,14
114696,322,5225,12
42899,351,12009,36
37944,662,15071,11
82772,721,37089,30
125448,838,17328,40
74473,652,38070,32
134935,587,4839,30
142941,546,18467,34
44322,697,24252,11
62591,660,38201,36
55112,802,3487,5
54931,433,23331,11
100292,413,35491,23
88800,609,22142,8
48373,665,15630,37
85296,700,38190,2
54050,808,10217,21
66509,390,47462,40
90637,658,17820,6
62742,804,25819,22
144620,334,20327,1
39880,376,36851,5
88082,744,11295,3
135909,543,7285,3
142898,601,44386,40
142193,383,32035,7
102132,696,13116,23
42833,531,18600,36
36630,723,39648,14
115477,541,32212,19
100855,759,12329,10
139579,506,42105,9
31934,633,19101,33
42224,451,38132,37
128771,848,23535,26
141240,712,10427,39
60982,786,18601,23
51798,533,9807,19
83269,492,29948,13
93653,462,5300,19
93092,359,17350,2
58016,817,27014,40
143331,785,39461,35
82565,466,38503,13
148284,320,45708,0
37685,581,28774,24
51579,404,1481,32
79672,793,5183,21
30282,546,4720,38
81173,565,28431,25
64760,527,45978,34
132769,485,20253,6
132908,391,15565,22
89638,601,31393,7
67388,422,45610,24
85444,650,27816,36
121303,640,42355,11
125748,462,33084,5
132676,304,3472,34
102845,495,2174,0
116752,692,33986,37
124163,836,23140,27
93788,468,27436,1
50289,675,47603,2
54890,320,4161,7
68890,309,20733,26
58534,407,34527,39
37665,569,35284,12
105914,638,16368,0
126434,823,5918,6
101066,402,12449,2
37989,346,1633,8
128038,395,25420,21
71104,731,43522,10
37492,794,38286,28
36572,794,32989,7
106569,529,44898,21
92493,793,23659,24
95909,817,31755,31
141767,351,34222,14
99615,758,6768,31
50635,300,6956,38
37455,649,24812,3
96562,763,8472,6
40500,408,4000,10
141587,423,26748,13
54356,426,30524,29
38981,743,39346,30
107992,406,26389,38
38907,580,27074,21
118501,606,46973,35
142960,597,45997,22
60828,630,47553,7
82923,592,28681,0
45713,593,45786,16
146691,667,30661,6
104668,698,16571,32
62271,355,1849,16
105880,501,48507,12
107924,422,25720,2
35209,458,3617,9
111183,666,5776,20
40745,713,7025,22
84948,786,37787,0
116163,628,25993,7
106503,756,32903,2
104085,846,1480,40
98522,850,47054,27
71467,639,3482,5
64179,717,26430,28
56772,346,46933,4
117782,748,25996,25
123872,602,42552,9
71180,444,9076,2
61285,516,28043,32
64814,355,36969,29
81876,798,22682,22
47154,636,41392,19
118039,304,21526,15
114607,639,32454,29
69321,587,10175,34
89929,714,39668,13
71441,674,26722,14
128548,392,27003,23
39508,756,11434,11
31220,667,3648,14
90068,830,24674,24
111416,580,49621,16
103792,829,17487,24
43104,306,33888,8
39602,461,24738,38
100468,790,32393,13
57938,464,9829,40
96307,829,27571,38
64760,759,40749,30
47361,486,41842,32
75745,535,25786,24
145456,481,32186,39
39016,301,45470,27
145247,690,23971,37
62018,538,6493,18
78434,835,8722,33
67353,458,28923,37
50676,508,28081,35
87433,652,47235,25
139280,465,7571,13
101200,393,10524,30
122214,833,19774,38
69651,830,19743,12
110173,336,24575,15
135788,704,27571,37
115717,656,23772,17
99329,479,27681,32
31025,850,38676,16
117538,769,45668,29
137099,535,21691,26
102692,708,45151,21
69240,575,12978,12
116951,664,11223,6
43577,343,32607,23
145097,586,27075,14
47601,333,33930,22
64664,308,1774,13
45129,542,18655,30
146616,673,27253,17
44029,576,16453,35
127310,480,28624,31
102512,556,37840,36
50374,398,30481,21
65697,424,24009,38
66930,632,45118,32
109276,471,42981,21
57607,621,21766,18
124058,833,30510,26
74942,381,14800,10
56685,706,35339,5
120111,590,30042,40
113130,787,31617,34
141792,745,35305,40
64600,615,24971,26
96244,847,1545,31
94032,307,36927,23
62914,699,25796,14
148664,575,28060,12
149034,803,13306,20
140900,428,47871,28
36658,619,33662,23
42097,701,5678,34
113136,554,26218,28
85518,784,26501,19
138704,503,24620,3
66265,582,39318,7
35778,680,6864,15
30464,849,8038,8
73719,497,2399,24
131072,601,36568,31
47146,464,5513,33
113507,688,49080,11
64335,696,13443,33
51178,413,7308,33
127154,409,32809,12
87912,562,4216,23
102309,381,31674,40
122493,572,35669,2
86057,536,35842,24
103519,725,49896,6
31267,484,37042,25
44663,632,25361,26
39862,684,37060,16
145750,316,34922,8
120573,823,37459,36
148479,675,39152,15
49536,379,48420,20
101511,690,6143,3
34722,532,49999,38
139392,453,22419,32
78393,816,6903,14
106350,350,36923,25
102420,502,32972,25
49410,740,22195,36
86333,324,20976,10
46704,539,14086,23
35482,594,1900,21
70404,516,14356,34
77795,318,25681,37
147831,354,31471,0
134349,599,43559,24
142814,390,13217,12
35229,612,22860,31
147823,541,33850,17
76898,455,23399,25
57535,456,28948,19
119399,507,10051,19
62706,461,21807,4
117416,330,21885,26
43473,409,9620,11
76357,326,24544,5
132251,488,26392,31
103385,576,28069,14
145885,801,46079,20
144650,620,26831,39
83264,343,17103,33
111351,494,20082,28
128235,355,46216,33
50257,438,26760,26
61029,631,46332,10
143325,836,47352,24
51299,344,12199,21
134842,352,28497,19
136269,507,1231,39
53206,805,16589,13
145528,584,41616,40
84040,337,10527,2
33248,465,45046,18
53509,668,3348,5
126542,366,20191,30
73540,359,8163,36
132548,737,40901,20
83964,832,48787,40
135150,776,41990,7
117806,658,37727,40
143254,607,34206,35
126345,329,12510,12
136266,793,11183,40
62527,357,35149,19
64970,662,5339,9
50866,491,40006,7
133202,723,6688,31
121917,479,8355,23
44168,812,11097,12
80140,400,34826,8
144316,389,22842,29
35075,514,22029,12
142537,452,11321,17
91694,626,18763,9
59154,646,36427,28
56158,736,26684,11
137031,640,13985,34
90332,779,7374,29
75830,447,41431,16
70001,764,32949,1
137549,430,34288,6
134247,710,39701,26
144206,513,46485,37
59831,477,44424,4
59219,399,30177,11
33101,392,15261,8
116511,763,35816,18
55313,745,48041,22
82227,678,36971,3
73025,540,29292,37
66517,477,32121,8
143292,437,1760,4
39099,386,9992,26
131361,821,28795,35
66585,810,48901,15
76025,794,47195,23
114080,586,31470,33
96768,619,41176,3
82386,639,28591,22
119065,473,38542,3
140580,817,6037,17
100282,478,39782,9
73404,840,3168,21
33617,692,16594,28
45118,418,4442,10
144955,699,32102,16
64237,842,45752,2
53405,643,18716,17
106099,499,35075,21
64795,312,27951,6
35014,324,41592,5
44208,422,6661,38
108193,559,20304,29
86959,563,11614,4
75309,482,29873,4
125491,741,15312,39
133078,556,30221,1
71114,637,26646,36
87199,531,1216,24
109457,710,4617,40
97033,596,43453,12
45157,409,42328,22
80488,544,33062,24
147899,337,23235,3
105574,835,31039,34
54914,782,41525,2
63386,767,41057,10
35817,364,14280,27
122901,440,22075,13
87154,472,46632,23
30221,461,2024,31
98146,429,14510,9
135710,484,48002,31
100575,541,13576,7
120027,513,19115,3
124297,344,4540,23
127248,850,12526,10
126605,633,28463,12
117900,722,14104,24
55825,482,26384,23
77739,332,46364,36
86531,525,20343,38
39171,535,6667,26
117062,314,48842,27
73279,305,28379,2
111678,400,30651,31
71145,667,20384,15
116951,324,30808,29
141151,372,26223,21
46334,643,49218,3
124339,341,24958,23
147970,544,36365,7
69363,530,22001,22
96469,797,33863,33
70538,367,13343,29
117410,451,33527,9
83528,435,32057,22
72753,537,35053,21
82743,755,31015,19
121384,595,4101,9
68752,486,12492,9
102667,488,14445,35
46683,466,35972,19
55144,459,1281,34
85108,450,38043,28
117153,756,24422,5
79695,584,13826,1
118777,625,40529,38
128059,678,26304,23
148332,520,48700,28
52810,734,48749,26
110676,837,22981,4
104593,724,12461,35
69446,596,37298,31
83225,529,2758,0
101819,727,12755,31
139278,670,39080,30
30053,682,34588,36
69829,438,24421,10
67606,842,42873,4
57549,630,21723,19
86346,440,34958,18
132990,815,15490,12
106019,419,9600,1
109516,650,12285,19
115813,428,14752,8
72237,343,13868,6
90946,344,5341,19
87905,489,44948,22
87954,660,11522,32
118555,841,15221,12
58010,816,47383,30
97000,734,15042,32
92021,807,24674,18
134036,754,15802,35
148119,483,1837,31
134336,404,49590,10
126463,811,19252,37
52241,796,34516,17
116356,330,7527,3
41114,634,11009,19
67196,600,44390,31
97561,421,26141,28
117012,468,33209,27
112960,781,32189,35
111167,661,19640,20
73933,327,41970,21
42240,553,16376,19
137272,320,36285,20
128453,322,21743,24
60784,644,33553,32
118184,506,33568,40
70687,604,38586,25
59444,843,32147,27
135717,743,44480,34
56100,484,2219,40
49313,778,18559,40
33201,834,14149,23
36057,626,5222,40
62092,541,27598,15
92277,746,28657,2
110120,343,48348,31
141376,716,24818,5
130727,812,8906,33
39545,543,40309,7
89692,733,15287,9
84321,357,33136,34
146147,584,10496,23
112544,545,17579,35
105454,697,1515,25
55485,464,29760,40
124155,782,49296,26
121272,818,5349,22
80328,353,43033,11
94799,621,38736,5
82383,720,21932,28
61979,386,28164,23
49342,534,6831,29
115990,452,6836,23
120128,806,8766,14
30726,691,9532,27
147002,728,12820,26
128430,554,25224,37
142779,707,46013,13
130931,360,4415,21
146059,609,26866,23
43970,804,23228,29
132029,345,9380,31
85724,570,34880,20
58683,750,4487,12
53053,796,30999,31
135396,484,12029,32
121214,304,35472,36
97889,326,19630,7
90889,771,47380,30
36582,632,48942,36
103060,372,36858,38
62662,466,26460,25
141193,617,45889,38
45906,697,32223,17
89829,736,7091,2
47477,837,6503,18
135043,607,17295,33
90901,722,7192,29
117500,316,8466,29
99616,621,39483,29
103259,516,13129,5
108047,704,8646,0
71588,704,20834,5
128992,514,32530,9
146840,774,10710,30
88008,320,30459,37
110301,405,42314,27
136824,797,34643,37
124276,840,2246,27
146918,806,41809,22
96162,537,34268,14
85933,699,28319,23
138864,388,44716,30
148863,610,16382,13
101810,478,33995,2
88446,798,17896,21
147598,406,47294,3
50861,342,34246,6
127472,752,34154,31
142917,506,29777,26
92216,475,6585,17
88991,842,28637,14
63972,670,2950,28
128536,468,29447,3
62406,832,20380,26
140082,652,1517,17
113579,752,46709,22
66347,850,22921,24
130376,619,35166,21
131931,732,34113,7
98327,759,20527,36
93517,443,47815,24
112149,383,7045,3
61358,831,26872,16
65992,466,10459,32
87654,333,49922,10
40155,596,3639,33
123525,446,10315,37
67450,302,9016,35
60735,686,32144,38
65614,633,6853,39
74020,753,49228,17
71904,387,13610,39
147050,319,8882,34
100798,754,6547,34
40561,324,35596,20
48136,561,6873,9
49769,605,26555,6
60311,353,14274,15
80205,362,21862,29
120957,403,17142,35
50028,508,10330,23
122591,762,3738,0
58043,793,18911,38
38418,588,3980,10
84377,586,29309,13
83424,579,17117,20
73369,787,1280,0
101121,383,43539,4
91069,685,40407,22
84496,755,1613,14
38161,526,16352,31
57110,705,8270,17
139168,366,9351,16
85069,845,41269,16
81049,630,29347,26
148598,529,4077,17
130898,325,49329,14
106556,618,5118,40
121163,556,17197,6
32560,374,40319,39
142293,686,21531,4
145429,367,7673,3
130348,310,30714,24
105456,764,34896,21
79857,429,42770,32
92518,345,4964,8
30772,449,10660,30
76105,358,16557,32
69139,506,5482,21
128759,636,11635,6
81116,535,31574,39
141863,510,27234,11
146869,445,20043,28
139540,478,15348,16
84921,568,7631,1
100545,767,16738,23
127978,421,10465,8
126289,550,4027,39
101582,586,9287,32
134840,471,34332,24
109069,629,47693,23
147677,337,14579,14
58906,686,38445,10
93993,755,35001,22
58760,742,27801,23
65774,377,24533,5
87125,400,8771,4
93654,495,47244,38
33804,713,27591,37
80968,532,48404,13
74057,648,6627,20
117670,330,25556,8
119016,647,15777,26
134614,332,10118,9
82994,700,5175,34
124919,395,12234,6
51632,371,26289,18
140166,311,12260,20
91261,370,26493,13
46728,617,39501,12
111560,552,35462,21
100008,655,46895,19
33534,768,26209,11
148872,580,42162,34
81645,424,25165,4
107580,512,34165,2
103975,499,26996,2
116900,796,31235,4
33552,465,12179,1
41003,579,11059,28
114246,835,43009,6
86179,555,25552,15
47786,525,7330,10
143619,512,36501,25
90515,711,43860,20
53819,344,5412,13
36590,475,17511,6
64099,625,44671,30
79689,815,39500,0
72906,549,41616,5
57742,338,16601,38
89598,833,28190,18
72840,355,44581,15
74236,752,42273,0
129775,428,7013,11
145296,778,21412,10
79692,759,42654,12
66471,782,29926,27
128567,737,6454,19
139041,764,19561,24
85255,304,1841,32
63065,693,33083,19
139433,466,13728,27
40735,677,46642,3
91644,670,42350,1
32540,560,17214,38
128176,707,47272,37
100702,558,46340,19
36826,411,42692,36
75870,615,1420,10
59389,741,12182,11
115215,761,38164,13
38993,718,29883,40
132397,583,5211,21
115426,342,7346,13
35276,645,40608,27
128858,708,25801,39
34067,442,2682,38
62411,786,34745,26
56130,346,49222,20
139999,402,49121,24
32671,608,45109,35
111439,549,14870,10
49973,464,22397,24
61266,439,36031,40
46544,366,43204,21
92070,747,16293,14
117747,418,38541,23
44993,494,26437,27
103920,527,7985,25
58569,766,10661,38
90952,426,18920,36
121680,456,47973,13
63586,701,20601,10
130518,373,35592,18
78351,355,47503,19
51992,514,15295,12
109415,685,28991,10
109593,827,43604,21
128032,546,26994,31
124156,774,43618,24
45012,821,15741,1
131946,795,43244,27
137387,320,26807,35
51465,427,14596,7
70768,340,9442,36
44168,605,24826,34
105849,831,20228,34
33365,514,46084,6
70888,520,9795,38
105470,566,26020,10
118781,848,14353,4
149016,823,40645,10
79192,379,18702,7
81990,641,18907,9
123718,687,7881,7
55995,588,37145,17
39961,712,32251,37
107607,687,38195,17
120520,768,12999,28
138864,612,42656,5
112213,395,11820,36
61830,734,45370,32
43356,307,47803,27
121382,836,15750,11
131250,682,8420,21
69529,571,14963,0
141449,336,31346,39
119687,409,1337,22
108697,841,34706,9
135582,683,20613,23
45866,465,10166,22
134363,341,9760,25
104177,572,8785,26
132581,434,8191,6
35383,650,29158,38
75508,553,41475,9
99827,739,14003,30
86148,452,16032,7
116706,504,6959,3
78571,790,5020,32
39038,728,17185,20
96317,586,40749,6
114874,313,45758,35
74725,841,40630,23
31658,342,39440,12
141355,506,35967,9
85057,655,24986,28
137784,322,11940,38
94251,707,33442,34
43833,710,40794,17
86822,837,17962,19
77472,543,20126,2
113307,352,43101,15
146860,570,48322,8
138620,524,48872,17
90258,563,42040,40
122708,704,11200,28
50052,770,13125,11
87080,481,26834,38
53086,402,48468,33
126180,313,43236,2
98386,646,47363,5
115256,639,32385,9
65400,603,7721,32
110728,694,10658,22
135932,803,12112,7
100539,386,3840,38
131533,608,41944,18
93372,302,10741,9
90931,737,48625,17
87091,734,32541,26
138230,809,36307,34
125817,389,16413,23
107656,361,23894,23
65179,731,16892,13
72245,734,25358,3
141635,444,6176,15
62177,443,35566,19
138885,332,40595,11
41359,813,21056,14
66559,516,27240,39
145557,620,43775,25
89087,406,6099,23
61963,366,14887,38
128366,546,18640,5
90910,395,21224,0
104691,432,47049,6
109997,691,32257,37
117580,537,15132,9
79674,647,20060,23
74092,456,38152,40
33761,810,7167,29
94789,391,5661,11
141536,443,9124,36
72600,621,25489,5
53834,550,46858,35
93904,374,15617,24
57802,411,6624,11
76507,366,21793,21
134573,459,31799,9
63862,740,32025,13
74608,385,10288,4
66655,519,44885,16
145385,468,14015,22
108139,698,1650,35
121905,624,1929,9
145357,569,35124,0
66211,730,46642,34
102848,314,25265,23
31330,723,27895,22
97715,769,29074,23
55042,590,47012,39
41221,316,41387,26
61635,333,44759,18
124381,427,23977,29
83271,529,34263,18
94038,724,3141,0
102768,740,16848,35
129374,431,42698,24
61499,429,34046,7
120519,630,14353,5
92402,380,38473,24
114659,604,13702,34
123302,581,6437,9
94332,409,10295,18
88743,700,7597,31
133931,621,42520,28
32260,795,41239,38
42196,323,34947,32
68566,525,6468,8
59045,778,49837,31
83005,702,7743,37
120673,756,28770,38
61890,661,25507,40
70135,843,24085,25
117026,520,44054,23
106225,518,31498,36
78368,839,15251,6
92031,745,21826,20
102544,763,12215,38
99588,304,31262,18
75056,781,7233,26
85771,805,41129,3
127771,329,15681,3
102140,495,48455,23
73357,376,18283,21
76112,422,9276,20
122124,834,35576,15
89473,531,7016,16
65509,510,46545,4
70189,492,32958,6
62951,764,43945,9
60217,825,14305,25
45814,404,10652,29
124540,787,44377,33
55242,706,33911,27
71359,498,20267,12
45670,351,43358,15
127370,844,7621,17
100236,574,33451,13
129901,489,33980,39
120461,371,11921,11
54267,481,18290,4
55105,301,33001,15
58361,815,11964,9
126810,563,44477,31
93464,795,8389,17
66241,665,33625,1
124972,498,25758,40
107278,479,18387,22
129641,832,46995,21
98765,810,45926,9
108222,366,20315,0
67093,740,24085,0
43176,446,49041,12
139134,695,28693,25
55443,746,45493,20
68829,504,20730,19
59816,747,7294,8
77301,777,28558,26
53519,609,16902,37
69618,428,27407,0
31854,641,39950,6
122801,354,46978,13
100010,458,20719,40
46591,417,5400,0
65954,325,34148,28
35965,566,41157,28
37146,474,34522,34
102529,700,26285,6
68290,698,1722,37
121411,442,31664,29
46551,837,26599,32
113606,585,44151,19
143830,484,38751,32
128669,656,39305,39
94340,408,33730,30
43446,478,48720,24
144389,752,25531,38
31607,504,13826,16
105243,388,39149,1
67268,717,38243,34
91524,785,33823,22
92746,372,38299,5
87733,638,2477,14
74657,461,19878,4
54164,413,39192,30
36734,642,4892,8
63092,336,23665,4
142947,577,48404,2
92616,533,2405,3
44953,793,4417,24
137756,748,8732,39
38564,310,15884,26
82521,358,6020,3
94454,599,9501,38
39710,806,47219,22
105631,599,43837,15
112502,797,19335,5
119974,515,9044,23
37026,764,8486,1
49887,807,2235,24
49555,353,44280,19
136318,521,2792,21
103772,594,36046,29
69824,778,49865,15
41164,602,23120,36
62530,427,21112,36
45525,309,31568,2
103147,381,19117,39
130197,565,33435,8
84548,488,45855,32
109471,565,17871,1
108135,379,34222,28
133643,373,43066,27
111057,683,31846,18
59581,516,21519,32
131671,333,44061,9
98494,728,36321,7
79856,751,21770,17
89049,536,30872,20
149079,670,43816,30
88028,717,45178,37
68974,718,28592,32
142743,423,28435,16
107139,324,46222,10
86207,547,47660,18
70026,759,27796,40
104531,821,6491,9
111399,480,34336,37
37894,830,35419,37
109905,446,3748,13
127004,469,8769,18
43006,408,16183,17
129973,340,36378,34
57235,736,48978,28
111987,755,29328,31
57659,376,22437,10
64687,743,7582,33
116563,440,39426,24
40641,808,19520,8
50585,802,37551,39
61439,540,42793,22
52782,801,42289,25
102350,594,28498,28
39838,655,46676,25
50517,329,20066,17
30350,625,27950,25
83545,647,42698,2
89048,412,41193,39
120357,661,37234,4
107832,705,48043,14
91592,313,3364,1
68175,608,2588,14
34278,434,49531,17
60340,455,7262,37
67762,824,49724,1
122662,395,15565,26
67056,808,48681,25
122141,706,16211,28
142670,397,37758,10
89510,835,48384,36
39329,454,3392,20
120096,800,36755,31
60595,407,28898,4
64675,339,28799,31
133262,420,29539,18
133710,469,10274,18
111927,783,31335,13
107304,785,1643,20
116662,396,36240,29
135369,531,23607,40
55928,676,41927,25
85723,405,48884,13
45043,583,49317,39
101376,450,10393,10
59466,735,44571,30
114886,785,24264,19
49528,584,47618,9
149067,745,43735,22
64816,495,26064,23
138348,559,33951,0
48643,580,41977,3
39359,802,12388,30
37816,481,9627,5
51747,584,13725,39
133891,675,34838,0
70319,451,48772,17
107993,477,42635,0
128167,774,6777,7
138034,473,1684,13
104607,495,49982,8
67828,723,15808,12
87560,394,33105,22
46299,337,39353,24
91433,512,23425,32
120266,567,3060,7
69857,686,44142,37
121715,462,28617,30
82757,767,39900,36
65683,645,32624,25
95597,710,39867,1
100776,433,44477,21
94722,705,11835,29
87377,541,14324,27
40543,652,7547,30
108385,548,7279,24
35224,703,36003,4
146578,540,25191,23
86626,441,33764,12
126276,454,19675,19
72247,829,7975,29
109129,464,21907,8
62816,732,4572,19
33390,643,36063,23
41970,453,1455,21
60005,588,3611,7
118381,603,2542,34
139570,414,24412,2
142789,741,19002,22
105392,681,3509,9
106955,645,42729,19
32719,743,8630,12
130238,683,38574,30
118117,346,40624,25
137665,432,19007,17
65325,526,5176,39
105529,698,32169,35
35273,515,35880,10
130022,385,14602,33
129125,470,41911,22
52962,540,25594,34
91669,596,12706,10
98021,728,40272,17
115394,701,15752,25
87963,845,22892,29
66458,493,42708,1
53788,323,22300,39
106720,823,13650,10
87132,630,9693,18
113202,547,12591,29
136724,550,31291,4
94451,727,18041,34
41959,599,27109,2
91605,406,10567,16
75607,647,10302,15
83523,550,18039,21
73687,443,10700,33
72081,462,38200,40
117835,431,10602,38
43710,451,39288,0
142424,652,43195,9
51079,473,35421,30
73228,529,10836,17
83955,312,49906,33
120921,819,5403,17
94942,835,17251,15
67777,767,12628,2
116846,365,9686,33
82488,352,21896,40
136635,520,40209,31
129680,767,1032,16
102102,826,19596,19
34809,486,32954,0
89614,742,45104,19
41542,537,14973,19
71224,458,22218,10
63082,633,34847,30
72372,783,20897,23
45194,702,28336,0
131259,767,18970,1
82976,324,22092,27
143365,815,29842,17
97449,781,4014,24
138124,684,4887,6
30150,783,9800,4
116200,606,38623,12
143949,322,10205,4
101118,519,13067,20
90552,443,8811,26
84165,747,3102,32
37104,377,38047,5
54586,374,45823,27
97952,486,43456,36
77419,600,1416,39
111609,634,35889,29
129148,456,13376,9
95338,370,22460,20
111973,440,29812,7
87939,749,27160,12
129613,828,8975,10
36764,725,13516,13
56680,730,27234,6
65003,534,46954,5
101987,346,10223,15
47172,339,5009,38
67752,729,12299,11
87424,412,11641,1
145454,639,2867,30
121521,473,11365,6
93532,725,36174,28
45915,431,22160,34
33783,500,9246,14
112578,589,41305,6
109806,832,34875,36
134767,335,26233,40
61365,543,11609,25
123032,715,30629,13
50758,645,23102,11
70730,364,24948,27
102199,423,37075,18
31792,707,34482,12
102384,838,40382,9
83476,470,25541,10
42217,455,36443,39
59451,731,32230,29
140284,513,49068,39
149659,464,16890,25
44871,372,15831,17
90482,582,22461,0
45396,605,9183,34
114896,690,17741,7
139070,835,7753,5
50181,731,4712,40
95323,636,28501,16
123926,744,44622,17
68254,343,40430,6
96698,669,39018,38
122459,771,38574,33
65838,521,38154,11
84459,559,24500,22
139408,464,14721,35
93242,811,6824,21
91894,403,48313,5
61946,571,47359,31
89871,414,13438,37
102255,482,27081,39
48958,648,35919,22
80277,631,15734,28
54983,524,17079,14
108561,794,29767,26
96616,709,42107,36
127818,741,25263,23
145255,629,47034,15
47892,533,48192,22
143249,354,31162,39
39150,358,23780,30
66208,328,47767,38
131276,611,22661,14
133547,622,1444,39
141989,465,49008,12
84387,806,48753,7
74548,785,10077,21
133247,392,13095,16
96550,836,17893,1
65018,841,1824,0
137551,493,42712,39
30336,481,29881,11
67072,619,20099,6
125164,645,30797,35
69132,545,33162,12
139769,401,35068,5
106931,589,21992,8
106011,384,33143,1
116499,356,35573,2
94178,349,36015,1
143411,820,35339,11
49476,490,15520,20
88529,419,20034,0
100592,533,25365,25
93483,617,14426,17
75236,799,17608,38
73573,372,42785,7
102340,562,45623,25
129991,704,14246,5
101228,534,3492,24
79441,748,49388,9
89682,625,3867,36
72176,773,14149,3
143980,643,44123,28
54727,625,4716,7
121422,679,3518,9
61300,422,15714,40
104946,589,45932,39
80196,765,32400,9
60613,697,17856,10
142199,532,27360,8
131652,763,30090,24
83841,551,15218,12
35720,718,25563,19
71704,352,14068,13
127609,324,46479,13
91993,502,10875,26
122435,336,45314,6
149725,665,14304,9
136352,786,23191,11
79968,845,41520,26
80604,416,44507,9
116991,474,2307,37
133860,803,45024,36
137577,607,45392,25
115461,385,24246,38
49936,496,34647,17
94923,613,18243,28
34852,332,9562,39
46547,336,46566,17
95836,435,23691,16
107356,626,34344,7
73515,366,11092,36
143993,372,11239,37
43154,424,4680,8
144581,743,45931,14
140761,807,40679,11
87711,381,12524,12
43069,377,13333,11
98937,603,40423,26
149333,307,43915,16
89890,740,6239,28
32011,568,48654,20
124692,620,36777,12
48894,632,27426,29
83736,442,21756,24
144154,488,15220,6
115823,462,20891,35
50232,799,44633,3
39807,540,34997,31
91537,842,19474,21
132436,364,2160,28
64737,787,19384,35
74375,534,47406,37
111691,823,7264,24
120794,368,30457,24
82098,360,32047,15
115175,627,32765,20
40527,602,49065,3
141642,733,46917,0
73065,380,25158,29
141718,621,8061,17
118389,630,2111,7
142635,684,37053,1
99942,589,22234,36
79808,467,47783,15
71505,804,27251,34
112155,512,30392,10
124203,324,4439,14
146318,627,22164,24
129536,369,3629,12
93956,676,34367,10
144344,823,26455,10
100912,702,8809,18
34705,342,26392,6
110931,610,24654,29
38968,617,1810,13
60771,700,40440,10
112727,300,3044,39
119705,463,7372,3
67667,322,20494,2
59817,331,32228,11
127880,791,5147,9
41846,722,12470,0
86881,324,44990,17
42903,745,37630,31
129663,767,31964,34
113066,655,27673,11
122260,717,24614,27
144370,468,3802,21
43173,442,14488,25
88153,560,37074,10
51805,704,35283,25
120964,459,46478,12
69251,613,16848,25
148413,602,8934,13
33794,732,24430,25
36028,789,42629,39
72516,561,46916,30
134352,802,2790,24
37355,384,17081,40
68452,335,22159,19
76984,328,34180,28
79131,349,17593,37
86450,340,20024,38
49080,305,26382,11
62007,805,15990,28
99621,321,47426,33
84008,746,37522,27
104177,549,10012,7
119364,682,37527,16
133877,537,14267,9
53600,415,35377,17
52280,791,14995,12
52946,372,10575,8
40350,468,17191,40
109887,361,29303,2
144142,430,32415,39
80140,594,33580,4
111226,340,25216,17
119539,634,21194,30
61566,801,23440,34
95230,825,15931,20
149646,496,22954,33
106435,442,46110,18
48758,832,12364,7
60433,645,12998,31
90443,427,25678,35
113611,583,34496,36
63289,747,26354,20
90236,410,36945,34
63466,361,1645,7
117404,573,37216,22
31231,692,14313,34
147821,397,17134,26
135464,303,16648,19
90981,383,27773,28
148123,510,45126,31
67700,752,40751,13
118815,512,15282,20
101643,780,2590,36
50706,690,2343,31
39681,575,25025,16
87898,690,24892,3
75293,556,6194,33
107014,534,27834,19
69210,595,36909,30
113746,368,7652,17
85615,551,1573,20
120480,703,9844,10
62780,773,17108,29
89878,300,19822,29
140795,832,24195,38
69599,470,33974,31
56111,722,26072,24
80422,760,39694,8
141848,798,27164,29
93335,551,10537,40
43979,379,40206,18
61091,498,21338,32
79986,523,42331,33
104963,591,25115,3
77049,337,44667,35
105341,750,48936,40
68780,525,3745,2
121655,455,28978,35
68696,794,5331,14
32875,650,41422,23
138794,839,11197,37
116275,744,32679,17
81879,607,17884,6
65976,456,7461,34
31061,466,41832,30
104177,457,28146,30
143386,705,39562,13
119889,634,39892,24
132014,394,46703,9
127605,389,3649,10
36428,474,26615,31
149356,366,31299,38
109482,332,26781,21
127671,600,43827,25
95107,546,31230,9
139161,589,22805,20
148509,609,47472,13
148349,350,3056,16
67512,760,9709,20
131677,468,17423,26
134708,584,14255,11
60162,645,1179,6
109569,580,35791,25
135110,340,30815,37
76179,364,32097,26
58705,528,30443,16
113442,560,26874,16
54920,740,4130,4
111381,352,33547,37
62850,636,12615,34
118835,321,7518,8
129035,465,28947,13
124493,370,5995,9
130593,576,12729,7
116400,584,6457,22
119241,318,41654,5
139882,659,2952,21
47927,795,39427,4
112345,696,22116,23
42735,646,28232,0
148410,439,32026,31
112242,551,21451,34
114717,564,25876,9
35167,607,27664,1
70492,402,24758,7
133364,380,16172,3
87779,604,37199,19
34373,395,44115,21
105965,715,36518,6
77823,489,43499,36
125991,473,49356,32
47224,804,36885,15
41813,652,9926,25
149226,730,17711,38
68680,422,44976,15
72823,436,15295,17
127973,409,23371,13
84460,687,44222,33
53021,492,44637,15
56318,361,31064,33
47322,736,1902,30
133089,760,14167,17
100701,317,16363,31
144879,679,35211,16
77953,364,38169,6
99579,841,1220,9
95771,792,13675,11
149732,504,42212,25
65720,500,17048,20
138851,533,29234,35
51567,344,14432,29
63681,519,15317,23
149806,760,14702,5
138093,546,3894,30
93156,721,22675,6
135708,665,30645,35
68684,460,16349,2
127853,760,15786,39
144084,606,46007,27
74396,683,3302,34
135412,457,28200,6
45095,845,44287,36
91385,519,49065,1
39869,418,46515,8
48449,438,4462,33
128848,375,16826,34
59571,439,12685,2
142740,830,10687,39
118647,468,45652,17
124924,331,6481,20
118395,400,29768,34
82089,620,25841,7
140853,451,40344,36
135458,813,41740,2
103048,302,44387,16
77942,842,10827,25
41836,678,44340,3
133636,340,41961,30
81717,838,13108,8
31824,427,37424,33
64663,810,17319,33
100329,367,10273,25
46199,321,16906,26
89609,557,6384,29
78311,597,3773,11
118188,600,13561,1
128174,843,34109,1
118125,639,48546,8
64362,598,16651,13
106619,563,39477,20
79941,396,47616,38
137795,546,39883,5
113695,340,27650,2
78689,698,7246,29
44201,327,2926,37
118452,313,17016,24
60647,725,1201,39
91797,378,21396,38
33280,531,16161,25
111205,499,12180,10
145898,337,46574,18
103584,645,16574,31
72992,431,28952,1
149964,699,27072,38
109964,628,49834,13
59015,821,37063,11
114889,446,41709,13
38285,305,35590,28
113283,539,43279,23
137984,348,34252,23
90852,763,17727,37
149195,684,44042,18
121891,602,10514,34
69608,405,20294,1
115097,410,13121,14
83516,717,41777,1
45292,752,12397,13
48320,670,43610,15
35943,303,23589,26
34877,450,27622,37
69893,691,38546,24
94569,736,7439,9
45220,557,13585,17
42739,341,2930,10
60775,364,4614,7
146294,326,4140,4
100457,629,4560,29
47781,753,43078,26
80940,751,30012,38
89459,721,45000,8
78629,693,4125,10
117881,846,18222,4
127404,666,47852,10
121289,775,1697,13
100804,688,8380,14
84935,653,25640,7
106983,350,48578,10
127290,396,29256,17
125236,825,12161,11
50253,849,12953,6
146052,648,49139,31
84379,548,8535,32
115841,323,33297,37
42978,712,33536,15
139273,447,6528,10
94139,674,1972,21
110694,374,35264,11
83492,847,45686,17
66666,638,3222,38
34288,819,20127,8
120476,762,42029,34
78566,665,12733,15
58477,491,2718,39
88115,806,41005,34
88287,432,21979,33
60947,708,43175,11
142125,699,25965,39
77537,480,49920,21
43022,500,10198,22
119873,845,49454,36
78147,405,23294,25
101364,794,12658,21
148187,651,35717,38
114518,674,2681,31
77012,799,45571,18
37936,376,8418,30
82184,338,6636,23
66160,519,28491,30
54878,411,19578,5
46011,361,40653,8
141153,656,27358,10
138028,818,28231,28
89600,822,23104,17
42015,594,12650,32
116870,326,9921,0
57801,537,5767,15
114109,370,14654,0
113819,402,19606,19
108269,447,33740,14
32799,306,9502,23
36629,838,15315,11
133126,429,14119,38
73713,686,49384,0
61925,774,23610,1
46505,658,32462,29
133150,458,38435,2
104000,546,48812,6
56896,479,5149,29
38992,490,2918,20
138765,475,7606,27
130290,447,16496,10
102641,615,18483,26
57152,596,17196,1
106858,484,30283,38
58305,371,11622,3
136568,802,47394,20
143992,400,9828,23
60539,345,18387,35
73064,681,44735,32
131498,506,2136,17
49340,628,8174,29
133369,395,2496,9
148034,610,14031,30
108116,725,31808,5
30371,455,8573,13
66342,354,8547,38
142513,485,3742,7
48964,748,17297,12
47038,689,23106,13
100807,453,19484,11
62853,645,1572,36
134662,498,46916,23
52871,653,9401,37
44408,667,37024,20
116646,565,5911,9
143567,790,16126,35
33379,322,28023,14
47275,307,15538,18
31947,808,37990,40
76955,680,19680,27
133544,772,29454,0
133341,535,7578,28
61186,313,34872,6
107182,410,23460,3
72437,773,47702,14
32068,582,33245,19
52838,745,12909,22
64782,808,2945,13
36868,750,17660,27
46614,546,10058,30
127218,638,42080,37
85176,427,17535,2
98955,303,21646,15
44896,813,3483,37
127735,804,42869,14
38330,599,7688,26
92422,796,32450,36
88756,827,44891,37
131976,570,11822,27
77453,356,11378,1
97271,825,40024,32
107812,755,2468,34
44293,708,18041,19
89245,750,34216,23
96039,785,21984,30
59038,606,40038,25
110623,576,11836,38
35683,788,44554,40
125321,733,8372,22
132659,529,22843,24
149111,731,47006,40
143636,739,2679,17
116363,695,10328,10
98347,428,1022,32
69535,813,15939,39
90036,755,40448,36
114323,554,24445,38
34082,538,14981,30
37972,628,37457,32
92781,609,33479,9
141057,580,2851,36
82640,828,9308,16
85872,710,31259,35
119928,531,22394,39
44150,705,46644,39
94260,635,23300,37
123375,359,46052,30
149236,380,28687,3
88138,554,27921,8
39632,325,39936,36
147868,685,25578,17
40589,351,22422,27
72219,801,30038,21
109730,496,34188,38
49442,690,9572,40
38609,655,16001,3
46540,601,12864,28
66046,623,41191,4
111830,557,35957,33
112978,705,32535,31
106724,579,30236,8
101874,468,4504,13
123343,654,46641,37
72622,677,18349,32
79925,559,24725,17
108301,778,23186,9
99541,758,19708,34
68652,511,16918,18
89469,688,45897,10
96263,696,17183,2
109354,632,48132,34
86387,612,1774,2
42999,751,32075,32
133952,560,17671,23
121983,670,46117,4
44996,546,43182,38
141777,735,39425,33
115814,792,38930,8
115316,337,6868,38
145042,508,37486,14
130789,811,2971,25
102264,827,4235,36
124481,535,12516,0
143441,330,34287,40
58183,311,36896,5
86370,596,21927,15
89186,441,13778,20
146403,768,27494,11
59949,688,29674,4
84239,702,25311,19
74424,757,36497,20
138451,342,35261,39
89441,601,37304,9
82262,315,35600,14
84524,374,24860,1
125631,765,25710,1
42463,765,42357,33
70966,305,38462,23
85936,420,31183,31
70963,489,5890,6
117177,712,10028,27
63408,376,30443,3
79060,572,9643,6
50006,626,29515,32
120023,318,49124,3
92163,770,12251,13
38799,635,48259,17
41957,763,16752,5
139022,360,24031,35
41188,482,31397,6
